Bits,MoE Average Bit,Self-Attention Average Bit,Average Bit
moe.shared_2.other_2+other_block.4,2.0,4.0,2.0673245199615478
moe.shared_4.other_2+other_block.4,2.0606060606060606,4.0,2.1258904435990766
moe.shared_4.top30_4.other_2+other_block.4,2.9696969696969697,4.0,3.0043792981620094
moe.shared_4.top25_4.other_2+other_block.4+startlayer_5,3.037037037037037,4.0,3.0694525466481526
moe.shared_4.top25_4.other_2+other_block.4+dejavu_5,3.037037037037037,4.0,3.0694525466481526
